Date,Time,City,Disease
2026-02-01,09:26:00,ပန်းတနော်မြို့,ဂုတ်ကျိုးရောဂါ (သို့) ရွက်ခြောက်ရောဂါ
2026-02-01,14:40:00,ပန်းတနော်မြို့,ဆူးပိုး (Hispa) ဖျက်ဆီးမှု
2026-02-01,09:18:00,ပန်းတနော်မြို့,နှံစိမ့်ရောဂါ
2026-02-01,11:07:00,ပန်းတနော်မြို့,ဘက်တီးရီးယား ရွက်ခြောက်ရောဂါ
2026-02-01,08:26:00,ပန်းတနော်မြို့,ဒေါင်းနီးမှိုရောဂါ
2026-02-01,13:38:00,ညောင်တုန်းမြို့,ပင်စည်ထိုးပိုးကြောင့် အလယ်ညွန့်ခြောက်ခြင်း
2026-02-01,14:45:00,ရန်ကုန်မြို့,နှံစိမ့်ရောဂါ
2026-02-01,14:54:00,မန္တလေးမြို့,နှံစိမ့်ရောဂါ
2026-02-01,16:16:00,ရန်ကုန်မြို့,ဒေါင်းနီးမှိုရောဂါ
2026-02-02,17:59:00,မန္တလေးမြို့,ဆူးပိုး (Hispa) ဖျက်ဆီးမှု
2026-02-02,15:12:00,ရန်ကုန်မြို့,ဒေါင်းနီးမှိုရောဂါ
2026-02-02,15:16:00,ရန်ကုန်မြို့,ဆူးပိုး (Hispa) ဖျက်ဆီးမှု
2026-02-02,16:21:00,ရန်ကုန်မြို့,ဒေါင်းနီးမှိုရောဂါ
2026-02-02,14:02:00,ရန်ကုန်မြို့,ဘက်တီးရီးယား ရွက်စင်းရောဂါ
2026-02-02,09:25:00,မန္တလေးမြို့,ဂုတ်ကျိုးရောဂါ (သို့) ရွက်ခြောက်ရောဂါ
2026-02-02,16:56:00,ညောင်တုန်းမြို့,ဆူးပိုး (Hispa) ဖျက်ဆီးမှု
2026-02-02,09:40:00,ညောင်တုန်းမြို့,ဆူးပိုး (Hispa) ဖျက်ဆီးမှု
2026-02-02,08:35:00,ရန်ကုန်မြို့,ဘက်တီးရီးယား ရွက်ခြောက်ရောဂါ
2026-02-02,10:11:00,မန္တလေးမြို့,ဆူးပိုး (Hispa) ဖျက်ဆီးမှု
2026-02-02,17:57:00,မန္တလေးမြို့,ရွက်ပြောက်ညိုရောဂါ
2026-02-03,11:41:00,ရန်ကုန်မြို့,ဘက်တီးရီးယား ရွက်စင်းရောဂါ
2026-02-03,11:33:00,ရန်ကုန်မြို့,ပင်စည်ထိုးပိုးကြောင့် အလယ်ညွန့်ခြောက်ခြင်း
2026-02-03,15:27:00,ညောင်တုန်းမြို့,ဂုတ်ကျိုးရောဂါ (သို့) ရွက်ခြောက်ရောဂါ
2026-02-03,13:59:00,ညောင်တုန်းမြို့,ဂုတ်ကျိုးရောဂါ (သို့) ရွက်ခြောက်ရောဂါ
2026-02-03,10:06:00,ပန်းတနော်မြို့,ဘက်တီးရီးယား ရွက်စင်းရောဂါ
2026-02-03,16:13:00,ပန်းတနော်မြို့,ရွက်ပြောက်ညိုရောဂါ
2026-02-03,17:29:00,ပန်းတနော်မြို့,ဒေါင်းနီးမှိုရောဂါ
2026-02-03,08:08:00,မန္တလေးမြို့,ဒေါင်းနီးမှိုရောဂါ
2026-02-03,10:53:00,ပန်းတနော်မြို့,တန်ဂရို ဗိုင်းရပ်စ်ရောဂါ
2026-02-03,15:58:00,ညောင်တုန်းမြို့,ဆူးပိုး (Hispa) ဖျက်ဆီးမှု
2026-02-03,15:18:00,ပန်းတနော်မြို့,ဆူးပိုး (Hispa) ဖျက်ဆီးမှု
2026-02-04,11:30:00,ပန်းတနော်မြို့,ဆူးပိုး (Hispa) ဖျက်ဆီးမှု
2026-02-04,17:59:00,ရန်ကုန်မြို့,ဘက်တီးရီးယား ရွက်ခြောက်ရောဂါ
2026-02-04,11:58:00,ရန်ကုန်မြို့,ဘက်တီးရီးယား ရွက်ခြောက်ရောဂါ
2026-02-04,11:30:00,ညောင်တုန်းမြို့,ဂုတ်ကျိုးရောဂါ (သို့) ရွက်ခြောက်ရောဂါ
2026-02-04,11:30:00,မန္တလေးမြို့,ဒေါင်းနီးမှိုရောဂါ
2026-02-04,14:59:00,မန္တလေးမြို့,ရွက်ပြောက်ညိုရောဂါ
2026-02-04,15:38:00,မန္တလေးမြို့,ဂုတ်ကျိုးရောဂါ (သို့) ရွက်ခြောက်ရောဂါ
2026-02-04,09:15:00,မန္တလေးမြို့,ဘက်တီးရီးယား ရွက်စင်းရောဂါ
2026-02-04,14:59:00,ပန်းတနော်မြို့,ဘက်တီးရီးယား ရွက်စင်းရောဂါ
2026-02-04,11:57:00,မန္တလေးမြို့,ပင်စည်ထိုးပိုးကြောင့် အလယ်ညွန့်ခြောက်ခြင်း
2026-02-04,16:20:00,မန္တလေးမြို့,ဘက်တီးရီးယား ရွက်ခြောက်ရောဂါ
2026-02-04,11:25:00,ပန်းတနော်မြို့,နှံစိမ့်ရောဂါ
2026-02-05,08:03:00,ရန်ကုန်မြို့,ရွက်ပြောက်ညိုရောဂါ
2026-02-05,12:11:00,ပန်းတနော်မြို့,ဘက်တီးရီးယား ရွက်ခြောက်ရောဂါ
2026-02-05,08:38:00,မန္တလေးမြို့,ဘက်တီးရီးယား ရွက်စင်းရောဂါ
2026-02-05,16:38:00,ညောင်တုန်းမြို့,ပင်စည်ထိုးပိုးကြောင့် အလယ်ညွန့်ခြောက်ခြင်း
2026-02-05,14:40:00,ပန်းတနော်မြို့,ဂုတ်ကျိုးရောဂါ (သို့) ရွက်ခြောက်ရောဂါ
2026-02-05,13:04:00,ညောင်တုန်းမြို့,တန်ဂရို ဗိုင်းရပ်စ်ရောဂါ
2026-02-05,16:14:00,ညောင်တုန်းမြို့,ဘက်တီးရီးယား ရွက်ခြောက်ရောဂါ
2026-02-05,12:06:00,မန္တလေးမြို့,ဘက်တီးရီးယား ရွက်ခြောက်ရောဂါ
2026-02-05,13:07:00,ညောင်တုန်းမြို့,ဂုတ်ကျိုးရောဂါ (သို့) ရွက်ခြောက်ရောဂါ
2026-02-06,11:57:00,ပန်းတနော်မြို့,တန်ဂရို ဗိုင်းရပ်စ်ရောဂါ
2026-02-06,10:58:00,ရန်ကုန်မြို့,နှံစိမ့်ရောဂါ
2026-02-06,17:10:00,ညောင်တုန်းမြို့,ဘက်တီးရီးယား ရွက်စင်းရောဂါ
2026-02-06,11:47:00,မန္တလေးမြို့,ဒေါင်းနီးမှိုရောဂါ
2026-02-06,17:04:00,ရန်ကုန်မြို့,ပင်စည်ထိုးပိုးကြောင့် အလယ်ညွန့်ခြောက်ခြင်း
2026-02-06,14:51:00,ရန်ကုန်မြို့,ဘက်တီးရီးယား ရွက်စင်းရောဂါ
2026-02-06,13:04:00,မန္တလေးမြို့,ဂုတ်ကျိုးရောဂါ (သို့) ရွက်ခြောက်ရောဂါ
2026-02-06,13:43:00,ညောင်တုန်းမြို့,ဒေါင်းနီးမှိုရောဂါ
2026-02-06,12:14:00,ရန်ကုန်မြို့,ပင်စည်ထိုးပိုးကြောင့် အလယ်ညွန့်ခြောက်ခြင်း
2026-02-06,08:29:00,ညောင်တုန်းမြို့,ဂုတ်ကျိုးရောဂါ (သို့) ရွက်ခြောက်ရောဂါ
2026-02-07,13:54:00,ညောင်တုန်းမြို့,ဆူးပိုး (Hispa) ဖျက်ဆီးမှု
2026-02-07,13:51:00,ပန်းတနော်မြို့,တန်ဂရို ဗိုင်းရပ်စ်ရောဂါ
2026-02-07,09:02:00,မန္တလေးမြို့,ဆူးပိုး (Hispa) ဖျက်ဆီးမှု
2026-02-07,10:33:00,ရန်ကုန်မြို့,ဆူးပိုး (Hispa) ဖျက်ဆီးမှု
2026-02-07,13:04:00,ရန်ကုန်မြို့,ဂုတ်ကျိုးရောဂါ (သို့) ရွက်ခြောက်ရောဂါ
2026-02-07,11:10:00,ရန်ကုန်မြို့,တန်ဂရို ဗိုင်းရပ်စ်ရောဂါ
2026-02-07,10:24:00,မန္တလေးမြို့,ဘက်တီးရီးယား ရွက်စင်းရောဂါ
2026-02-07,15:22:00,ရန်ကုန်မြို့,ဘက်တီးရီးယား ရွက်ခြောက်ရောဂါ
2026-02-08,13:56:00,ညောင်တုန်းမြို့,ဂုတ်ကျိုးရောဂါ (သို့) ရွက်ခြောက်ရောဂါ
2026-02-08,16:06:00,ညောင်တုန်းမြို့,ဘက်တီးရီးယား ရွက်စင်းရောဂါ
2026-02-08,10:02:00,ရန်ကုန်မြို့,ဂုတ်ကျိုးရောဂါ (သို့) ရွက်ခြောက်ရောဂါ
2026-02-08,12:55:00,ပန်းတနော်မြို့,ဒေါင်းနီးမှိုရောဂါ
2026-02-08,16:59:00,ပန်းတနော်မြို့,နှံစိမ့်ရောဂါ
2026-02-08,10:16:00,ညောင်တုန်းမြို့,ဘက်တီးရီးယား ရွက်ခြောက်ရောဂါ
2026-02-08,17:13:00,ပန်းတနော်မြို့,ဆူးပိုး (Hispa) ဖျက်ဆီးမှု
2026-02-08,10:50:00,မန္တလေးမြို့,နှံစိမ့်ရောဂါ
2026-02-08,12:14:00,ပန်းတနော်မြို့,ဘက်တီးရီးယား ရွက်ခြောက်ရောဂါ
2026-02-08,14:40:00,ရန်ကုန်မြို့,ဘက်တီးရီးယား ရွက်ခြောက်ရောဂါ
2026-02-08,10:36:00,ညောင်တုန်းမြို့,ဆူးပိုး (Hispa) ဖျက်ဆီးမှု
2026-02-09,14:21:00,ရန်ကုန်မြို့,ဆူးပိုး (Hispa) ဖျက်ဆီးမှု
2026-02-09,13:27:00,ရန်ကုန်မြို့,နှံစိမ့်ရောဂါ
2026-02-09,11:50:00,ပန်းတနော်မြို့,ဒေါင်းနီးမှိုရောဂါ
2026-02-09,17:15:00,ရန်ကုန်မြို့,ဘက်တီးရီးယား ရွက်စင်းရောဂါ
2026-02-09,16:49:00,ရန်ကုန်မြို့,ဂုတ်ကျိုးရောဂါ (သို့) ရွက်ခြောက်ရောဂါ
2026-02-09,08:43:00,ရန်ကုန်မြို့,ဘက်တီးရီးယား ရွက်စင်းရောဂါ
2026-02-09,16:39:00,ရန်ကုန်မြို့,ရွက်ပြောက်ညိုရောဂါ
2026-02-09,17:28:00,ညောင်တုန်းမြို့,နှံစိမ့်ရောဂါ
2026-02-09,16:26:00,ပန်းတနော်မြို့,ရွက်ပြောက်ညိုရောဂါ
2026-02-09,17:22:00,ရန်ကုန်မြို့,ဆူးပိုး (Hispa) ဖျက်ဆီးမှု
2026-02-09,12:10:00,ပန်းတနော်မြို့,နှံစိမ့်ရောဂါ
2026-02-10,10:09:00,ပန်းတနော်မြို့,ဆူးပိုး (Hispa) ဖျက်ဆီးမှု
2026-02-10,12:59:00,မန္တလေးမြို့,ဘက်တီးရီးယား ရွက်ခြောက်ရောဂါ
2026-02-10,11:13:00,ညောင်တုန်းမြို့,ဆူးပိုး (Hispa) ဖျက်ဆီးမှု
2026-02-10,16:23:00,ရန်ကုန်မြို့,နှံစိမ့်ရောဂါ
2026-02-10,16:36:00,ပန်းတနော်မြို့,ပင်စည်ထိုးပိုးကြောင့် အလယ်ညွန့်ခြောက်ခြင်း
2026-02-10,17:08:00,ပန်းတနော်မြို့,ဂုတ်ကျိုးရောဂါ (သို့) ရွက်ခြောက်ရောဂါ
2026-02-10,17:06:00,ညောင်တုန်းမြို့,ဘက်တီးရီးယား ရွက်စင်းရောဂါ
2026-02-10,15:45:00,ရန်ကုန်မြို့,တန်ဂရို ဗိုင်းရပ်စ်ရောဂါ
2026-02-10,10:10:00,ပန်းတနော်မြို့,ဘက်တီးရီးယား ရွက်စင်းရောဂါ
2026-02-10,10:33:00,ပန်းတနော်မြို့,ဒေါင်းနီးမှိုရောဂါ
2026-02-10,11:22:00,မန္တလေးမြို့,ဘက်တီးရီးယား ရွက်ခြောက်ရောဂါ
2026-02-10,15:23:00,ပန်းတနော်မြို့,နှံစိမ့်ရောဂါ
2026-02-11,11:54:00,ညောင်တုန်းမြို့,ဒေါင်းနီးမှိုရောဂါ
2026-02-11,15:22:00,ပန်းတနော်မြို့,ရွက်ပြောက်ညိုရောဂါ
2026-02-11,08:51:00,ညောင်တုန်းမြို့,ဒေါင်းနီးမှိုရောဂါ
2026-02-11,14:39:00,ပန်းတနော်မြို့,ဘက်တီးရီးယား ရွက်ခြောက်ရောဂါ
2026-02-11,10:48:00,ရန်ကုန်မြို့,ဆူးပိုး (Hispa) ဖျက်ဆီးမှု
2026-02-11,10:51:00,ညောင်တုန်းမြို့,ဂုတ်ကျိုးရောဂါ (သို့) ရွက်ခြောက်ရောဂါ
2026-02-11,08:25:00,ရန်ကုန်မြို့,ဘက်တီးရီးယား ရွက်စင်းရောဂါ
2026-02-11,08:58:00,ရန်ကုန်မြို့,ဒေါင်းနီးမှိုရောဂါ
2026-02-12,16:38:00,ရန်ကုန်မြို့,ဆူးပိုး (Hispa) ဖျက်ဆီးမှု
2026-02-12,12:29:00,ရန်ကုန်မြို့,ဂုတ်ကျိုးရောဂါ (သို့) ရွက်ခြောက်ရောဂါ
2026-02-12,08:05:00,ပန်းတနော်မြို့,တန်ဂရို ဗိုင်းရပ်စ်ရောဂါ
2026-02-12,17:40:00,ရန်ကုန်မြို့,တန်ဂရို ဗိုင်းရပ်စ်ရောဂါ
2026-02-12,12:06:00,ပန်းတနော်မြို့,ဂုတ်ကျိုးရောဂါ (သို့) ရွက်ခြောက်ရောဂါ
2026-02-12,12:37:00,ညောင်တုန်းမြို့,ဘက်တီးရီးယား ရွက်စင်းရောဂါ
2026-02-12,14:16:00,ညောင်တုန်းမြို့,ဘက်တီးရီးယား ရွက်စင်းရောဂါ
2026-02-12,16:01:00,ညောင်တုန်းမြို့,ဘက်တီးရီးယား ရွက်ခြောက်ရောဂါ
2026-02-12,08:54:00,ရန်ကုန်မြို့,တန်ဂရို ဗိုင်းရပ်စ်ရောဂါ
2026-02-12,10:30:00,ညောင်တုန်းမြို့,နှံစိမ့်ရောဂါ
2026-02-12,14:57:00,ရန်ကုန်မြို့,ဒေါင်းနီးမှိုရောဂါ
2026-02-13,15:45:00,ညောင်တုန်းမြို့,ဘက်တီးရီးယား ရွက်စင်းရောဂါ
2026-02-13,14:31:00,ညောင်တုန်းမြို့,ဒေါင်းနီးမှိုရောဂါ
2026-02-13,14:10:00,ပန်းတနော်မြို့,ဒေါင်းနီးမှိုရောဂါ
2026-02-13,14:16:00,ရန်ကုန်မြို့,ဘက်တီးရီးယား ရွက်စင်းရောဂါ
2026-02-13,10:43:00,ရန်ကုန်မြို့,ဘက်တီးရီးယား ရွက်စင်းရောဂါ
2026-02-13,16:07:00,ညောင်တုန်းမြို့,နှံစိမ့်ရောဂါ
2026-02-13,11:50:00,ပန်းတနော်မြို့,တန်ဂရို ဗိုင်းရပ်စ်ရောဂါ
2026-02-13,11:19:00,ရန်ကုန်မြို့,ဆူးပိုး (Hispa) ဖျက်ဆီးမှု
2026-02-13,16:26:00,ပန်းတနော်မြို့,ဒေါင်းနီးမှိုရောဂါ
2026-02-14,08:10:00,မန္တလေးမြို့,ဂုတ်ကျိုးရောဂါ (သို့) ရွက်ခြောက်ရောဂါ
2026-02-14,11:04:00,ညောင်တုန်းမြို့,ပင်စည်ထိုးပိုးကြောင့် အလယ်ညွန့်ခြောက်ခြင်း
2026-02-14,15:50:00,မန္တလေးမြို့,ပင်စည်ထိုးပိုးကြောင့် အလယ်ညွန့်ခြောက်ခြင်း
2026-02-14,16:14:00,ရန်ကုန်မြို့,ပင်စည်ထိုးပိုးကြောင့် အလယ်ညွန့်ခြောက်ခြင်း
2026-02-14,11:05:00,မန္တလေးမြို့,ရွက်ပြောက်ညိုရောဂါ
2026-02-14,15:32:00,ရန်ကုန်မြို့,ပင်စည်ထိုးပိုးကြောင့် အလယ်ညွန့်ခြောက်ခြင်း
2026-02-14,12:16:00,ပန်းတနော်မြို့,ရွက်ပြောက်ညိုရောဂါ
2026-02-14,16:26:00,မန္တလေးမြို့,ပင်စည်ထိုးပိုးကြောင့် အလယ်ညွန့်ခြောက်ခြင်း
2026-02-14,15:56:00,ရန်ကုန်မြို့,ဂုတ်ကျိုးရောဂါ (သို့) ရွက်ခြောက်ရောဂါ
2026-02-14,16:20:00,ရန်ကုန်မြို့,ဆူးပိုး (Hispa) ဖျက်ဆီးမှု
2026-02-14,09:37:00,ညောင်တုန်းမြို့,နှံစိမ့်ရောဂါ
2026-02-14,14:03:00,ညောင်တုန်းမြို့,ရွက်ပြောက်ညိုရောဂါ
2026-02-15,10:53:00,ပန်းတနော်မြို့,နှံစိမ့်ရောဂါ
2026-02-15,08:58:00,ညောင်တုန်းမြို့,ဒေါင်းနီးမှိုရောဂါ
2026-02-15,10:16:00,ရန်ကုန်မြို့,နှံစိမ့်ရောဂါ
2026-02-15,16:20:00,ညောင်တုန်းမြို့,ရွက်ပြောက်ညိုရောဂါ
2026-02-15,11:41:00,ပန်းတနော်မြို့,ဒေါင်းနီးမှိုရောဂါ
2026-02-15,08:30:00,ညောင်တုန်းမြို့,ပင်စည်ထိုးပိုးကြောင့် အလယ်ညွန့်ခြောက်ခြင်း
2026-02-15,15:50:00,ပန်းတနော်မြို့,ဂုတ်ကျိုးရောဂါ (သို့) ရွက်ခြောက်ရောဂါ
2026-02-15,10:43:00,ရန်ကုန်မြို့,ဘက်တီးရီးယား ရွက်စင်းရောဂါ
2026-02-15,15:11:00,ပန်းတနော်မြို့,ဒေါင်းနီးမှိုရောဂါ
2026-02-15,09:38:00,မန္တလေးမြို့,ဘက်တီးရီးယား ရွက်စင်းရောဂါ
2026-02-16,13:14:00,ညောင်တုန်းမြို့,ပင်စည်ထိုးပိုးကြောင့် အလယ်ညွန့်ခြောက်ခြင်း
2026-02-16,09:23:00,ညောင်တုန်းမြို့,ရွက်ပြောက်ညိုရောဂါ
2026-02-16,13:45:00,ရန်ကုန်မြို့,ရွက်ပြောက်ညိုရောဂါ
2026-02-16,11:01:00,ပန်းတနော်မြို့,ဘက်တီးရီးယား ရွက်ခြောက်ရောဂါ
2026-02-16,08:20:00,ပန်းတနော်မြို့,ရွက်ပြောက်ညိုရောဂါ
2026-02-16,15:59:00,ညောင်တုန်းမြို့,ရွက်ပြောက်ညိုရောဂါ
2026-02-16,08:04:00,မန္တလေးမြို့,ဂုတ်ကျိုးရောဂါ (သို့) ရွက်ခြောက်ရောဂါ
2026-02-16,17:06:00,ညောင်တုန်းမြို့,ဒေါင်းနီးမှိုရောဂါ
2026-02-17,17:45:00,ရန်ကုန်မြို့,ဒေါင်းနီးမှိုရောဂါ
2026-02-17,16:41:00,မန္တလေးမြို့,ဆူးပိုး (Hispa) ဖျက်ဆီးမှု
2026-02-17,17:57:00,မန္တလေးမြို့,ပင်စည်ထိုးပိုးကြောင့် အလယ်ညွန့်ခြောက်ခြင်း
2026-02-17,16:00:00,မန္တလေးမြို့,နှံစိမ့်ရောဂါ
2026-02-17,15:45:00,ပန်းတနော်မြို့,ဘက်တီးရီးယား ရွက်ခြောက်ရောဂါ
2026-02-17,14:08:00,ပန်းတနော်မြို့,ဆူးပိုး (Hispa) ဖျက်ဆီးမှု
2026-02-17,09:01:00,ရန်ကုန်မြို့,ဘက်တီးရီးယား ရွက်ခြောက်ရောဂါ
2026-02-17,13:01:00,ပန်းတနော်မြို့,နှံစိမ့်ရောဂါ
2026-02-18,13:35:00,ရန်ကုန်မြို့,နှံစိမ့်ရောဂါ
2026-02-18,13:10:00,ပန်းတနော်မြို့,ဂုတ်ကျိုးရောဂါ (သို့) ရွက်ခြောက်ရောဂါ
2026-02-18,15:27:00,ညောင်တုန်းမြို့,ဒေါင်းနီးမှိုရောဂါ
2026-02-18,13:36:00,ပန်းတနော်မြို့,ဆူးပိုး (Hispa) ဖျက်ဆီးမှု
2026-02-18,17:30:00,ညောင်တုန်းမြို့,ဘက်တီးရီးယား ရွက်ခြောက်ရောဂါ
2026-02-18,15:31:00,ပန်းတနော်မြို့,ဒေါင်းနီးမှိုရောဂါ
2026-02-18,12:03:00,မန္တလေးမြို့,ဒေါင်းနီးမှိုရောဂါ
2026-02-18,15:00:00,ညောင်တုန်းမြို့,နှံစိမ့်ရောဂါ
2026-02-19,17:54:00,ရန်ကုန်မြို့,တန်ဂရို ဗိုင်းရပ်စ်ရောဂါ
2026-02-19,17:15:00,ရန်ကုန်မြို့,နှံစိမ့်ရောဂါ
2026-02-19,10:30:00,မန္တလေးမြို့,ဘက်တီးရီးယား ရွက်ခြောက်ရောဂါ
2026-02-19,16:52:00,ပန်းတနော်မြို့,ဆူးပိုး (Hispa) ဖျက်ဆီးမှု
2026-02-19,08:54:00,ညောင်တုန်းမြို့,ပင်စည်ထိုးပိုးကြောင့် အလယ်ညွန့်ခြောက်ခြင်း
2026-02-19,11:56:00,ညောင်တုန်းမြို့,ဘက်တီးရီးယား ရွက်ခြောက်ရောဂါ
2026-02-19,08:46:00,ညောင်တုန်းမြို့,တန်ဂရို ဗိုင်းရပ်စ်ရောဂါ
2026-02-19,10:22:00,မန္တလေးမြို့,ရွက်ပြောက်ညိုရောဂါ
2026-02-19,08:20:00,မန္တလေးမြို့,ပင်စည်ထိုးပိုးကြောင့် အလယ်ညွန့်ခြောက်ခြင်း
2026-02-19,09:10:00,ပန်းတနော်မြို့,ဂုတ်ကျိုးရောဂါ (သို့) ရွက်ခြောက်ရောဂါ
2026-02-19,17:17:00,ရန်ကုန်မြို့,နှံစိမ့်ရောဂါ
2026-02-20,09:28:00,ညောင်တုန်းမြို့,တန်ဂရို ဗိုင်းရပ်စ်ရောဂါ
2026-02-20,16:30:00,မန္တလေးမြို့,ရွက်ပြောက်ညိုရောဂါ
2026-02-20,11:12:00,ပန်းတနော်မြို့,ဒေါင်းနီးမှိုရောဂါ
2026-02-20,17:12:00,ပန်းတနော်မြို့,တန်ဂရို ဗိုင်းရပ်စ်ရောဂါ
2026-02-20,13:50:00,ရန်ကုန်မြို့,ဆူးပိုး (Hispa) ဖျက်ဆီးမှု
2026-02-20,09:50:00,ရန်ကုန်မြို့,တန်ဂရို ဗိုင်းရပ်စ်ရောဂါ
2026-02-20,12:38:00,ညောင်တုန်းမြို့,ဆူးပိုး (Hispa) ဖျက်ဆီးမှု
2026-02-20,13:58:00,ရန်ကုန်မြို့,ပင်စည်ထိုးပိုးကြောင့် အလယ်ညွန့်ခြောက်ခြင်း
2026-02-20,16:25:00,ရန်ကုန်မြို့,ရွက်ပြောက်ညိုရောဂါ
2026-02-20,13:49:00,ညောင်တုန်းမြို့,တန်ဂရို ဗိုင်းရပ်စ်ရောဂါ
2026-02-21,12:13:00,ညောင်တုန်းမြို့,ဘက်တီးရီးယား ရွက်စင်းရောဂါ
2026-02-21,12:51:00,ပန်းတနော်မြို့,နှံစိမ့်ရောဂါ
2026-02-21,13:30:00,ညောင်တုန်းမြို့,တန်ဂရို ဗိုင်းရပ်စ်ရောဂါ
2026-02-21,10:42:00,မန္တလေးမြို့,တန်ဂရို ဗိုင်းရပ်စ်ရောဂါ
2026-02-21,13:00:00,ပန်းတနော်မြို့,ဘက်တီးရီးယား ရွက်ခြောက်ရောဂါ
2026-02-21,11:52:00,ပန်းတနော်မြို့,နှံစိမ့်ရောဂါ
2026-02-21,14:29:00,ရန်ကုန်မြို့,ဒေါင်းနီးမှိုရောဂါ
2026-02-21,16:15:00,ညောင်တုန်းမြို့,ပင်စည်ထိုးပိုးကြောင့် အလယ်ညွန့်ခြောက်ခြင်း
2026-02-21,08:01:00,မန္တလေးမြို့,နှံစိမ့်ရောဂါ
2026-02-21,11:10:00,မန္တလေးမြို့,ဒေါင်းနီးမှိုရောဂါ
2026-02-22,08:02:00,ညောင်တုန်းမြို့,ဒေါင်းနီးမှိုရောဂါ
2026-02-22,13:58:00,ရန်ကုန်မြို့,တန်ဂရို ဗိုင်းရပ်စ်ရောဂါ
2026-02-22,14:18:00,ညောင်တုန်းမြို့,ဘက်တီးရီးယား ရွက်စင်းရောဂါ
2026-02-22,14:36:00,ရန်ကုန်မြို့,ဂုတ်ကျိုးရောဂါ (သို့) ရွက်ခြောက်ရောဂါ
2026-02-22,11:16:00,ပန်းတနော်မြို့,နှံစိမ့်ရောဂါ
2026-02-22,10:24:00,ပန်းတနော်မြို့,ဒေါင်းနီးမှိုရောဂါ
2026-02-22,09:08:00,ပန်းတနော်မြို့,ပင်စည်ထိုးပိုးကြောင့် အလယ်ညွန့်ခြောက်ခြင်း
2026-02-22,13:02:00,ညောင်တုန်းမြို့,ဘက်တီးရီးယား ရွက်ခြောက်ရောဂါ
2026-02-22,16:20:00,မန္တလေးမြို့,ဂုတ်ကျိုးရောဂါ (သို့) ရွက်ခြောက်ရောဂါ
2026-02-23,08:34:00,ရန်ကုန်မြို့,တန်ဂရို ဗိုင်းရပ်စ်ရောဂါ
2026-02-23,13:29:00,မန္တလေးမြို့,ဒေါင်းနီးမှိုရောဂါ
2026-02-23,16:07:00,ညောင်တုန်းမြို့,ရွက်ပြောက်ညိုရောဂါ
2026-02-23,17:06:00,မန္တလေးမြို့,ဂုတ်ကျိုးရောဂါ (သို့) ရွက်ခြောက်ရောဂါ
2026-02-23,12:11:00,ပန်းတနော်မြို့,ဂုတ်ကျိုးရောဂါ (သို့) ရွက်ခြောက်ရောဂါ
2026-02-23,08:21:00,မန္တလေးမြို့,ဂုတ်ကျိုးရောဂါ (သို့) ရွက်ခြောက်ရောဂါ
2026-02-23,11:46:00,ရန်ကုန်မြို့,ဂုတ်ကျိုးရောဂါ (သို့) ရွက်ခြောက်ရောဂါ
2026-02-23,11:43:00,မန္တလေးမြို့,နှံစိမ့်ရောဂါ
2026-02-23,08:59:00,ညောင်တုန်းမြို့,ဘက်တီးရီးယား ရွက်စင်းရောဂါ
2026-02-23,12:26:00,ညောင်တုန်းမြို့,နှံစိမ့်ရောဂါ
2026-02-23,15:26:00,ပန်းတနော်မြို့,တန်ဂရို ဗိုင်းရပ်စ်ရောဂါ
2026-02-23,09:42:00,ညောင်တုန်းမြို့,ပင်စည်ထိုးပိုးကြောင့် အလယ်ညွန့်ခြောက်ခြင်း
2026-02-24,12:37:00,ရန်ကုန်မြို့,ဘက်တီးရီးယား ရွက်စင်းရောဂါ
2026-02-24,08:43:00,ရန်ကုန်မြို့,ဒေါင်းနီးမှိုရောဂါ
2026-02-24,11:47:00,ပန်းတနော်မြို့,တန်ဂရို ဗိုင်းရပ်စ်ရောဂါ
2026-02-24,09:19:00,ရန်ကုန်မြို့,ဒေါင်းနီးမှိုရောဂါ
2026-02-24,17:40:00,ရန်ကုန်မြို့,ဂုတ်ကျိုးရောဂါ (သို့) ရွက်ခြောက်ရောဂါ
2026-02-24,14:35:00,ညောင်တုန်းမြို့,ဘက်တီးရီးယား ရွက်စင်းရောဂါ
2026-02-24,17:02:00,မန္တလေးမြို့,ဘက်တီးရီးယား ရွက်ခြောက်ရောဂါ
2026-02-24,11:56:00,မန္တလေးမြို့,ဂုတ်ကျိုးရောဂါ (သို့) ရွက်ခြောက်ရောဂါ
2026-02-25,17:49:00,ညောင်တုန်းမြို့,ရွက်ပြောက်ညိုရောဂါ
2026-02-25,13:21:00,ညောင်တုန်းမြို့,ဒေါင်းနီးမှိုရောဂါ
2026-02-25,16:13:00,မန္တလေးမြို့,ရွက်ပြောက်ညိုရောဂါ
2026-02-25,14:26:00,မန္တလေးမြို့,ရွက်ပြောက်ညိုရောဂါ
2026-02-25,13:28:00,ရန်ကုန်မြို့,ပင်စည်ထိုးပိုးကြောင့် အလယ်ညွန့်ခြောက်ခြင်း
2026-02-25,15:58:00,ရန်ကုန်မြို့,ဆူးပိုး (Hispa) ဖျက်ဆီးမှု
2026-02-25,08:16:00,ညောင်တုန်းမြို့,ဒေါင်းနီးမှိုရောဂါ
2026-02-25,08:15:00,ညောင်တုန်းမြို့,ဆူးပိုး (Hispa) ဖျက်ဆီးမှု
2026-02-25,15:04:00,ရန်ကုန်မြို့,ပင်စည်ထိုးပိုးကြောင့် အလယ်ညွန့်ခြောက်ခြင်း
2026-02-25,17:48:00,ပန်းတနော်မြို့,ဘက်တီးရီးယား ရွက်ခြောက်ရောဂါ
2026-02-25,08:06:00,ရန်ကုန်မြို့,တန်ဂရို ဗိုင်းရပ်စ်ရောဂါ
2026-02-26,12:18:00,ပန်းတနော်မြို့,နှံစိမ့်ရောဂါ
2026-02-26,08:22:00,ရန်ကုန်မြို့,ရွက်ပြောက်ညိုရောဂါ
2026-02-26,12:03:00,ရန်ကုန်မြို့,ဘက်တီးရီးယား ရွက်စင်းရောဂါ
2026-02-26,11:26:00,ပန်းတနော်မြို့,ရွက်ပြောက်ညိုရောဂါ
2026-02-26,10:01:00,ညောင်တုန်းမြို့,ဘက်တီးရီးယား ရွက်ခြောက်ရောဂါ
2026-02-26,14:59:00,ညောင်တုန်းမြို့,ဆူးပိုး (Hispa) ဖျက်ဆီးမှု
2026-02-26,15:35:00,ပန်းတနော်မြို့,ဒေါင်းနီးမှိုရောဂါ
2026-02-26,11:29:00,ညောင်တုန်းမြို့,ဆူးပိုး (Hispa) ဖျက်ဆီးမှု
2026-02-26,12:01:00,ပန်းတနော်မြို့,ပင်စည်ထိုးပိုးကြောင့် အလယ်ညွန့်ခြောက်ခြင်း
2026-02-26,13:53:00,ညောင်တုန်းမြို့,ဘက်တီးရီးယား ရွက်စင်းရောဂါ
2026-02-26,12:02:00,ပန်းတနော်မြို့,ဆူးပိုး (Hispa) ဖျက်ဆီးမှု
2026-02-27,15:27:00,မန္တလေးမြို့,ရွက်ပြောက်ညိုရောဂါ
2026-02-27,14:52:00,ညောင်တုန်းမြို့,နှံစိမ့်ရောဂါ
2026-02-27,13:07:00,ရန်ကုန်မြို့,ပင်စည်ထိုးပိုးကြောင့် အလယ်ညွန့်ခြောက်ခြင်း
2026-02-27,13:16:00,ပန်းတနော်မြို့,ဂုတ်ကျိုးရောဂါ (သို့) ရွက်ခြောက်ရောဂါ
2026-02-27,11:31:00,ညောင်တုန်းမြို့,ဘက်တီးရီးယား ရွက်ခြောက်ရောဂါ
2026-02-27,13:39:00,ညောင်တုန်းမြို့,ဂုတ်ကျိုးရောဂါ (သို့) ရွက်ခြောက်ရောဂါ
2026-02-27,17:26:00,ရန်ကုန်မြို့,ရွက်ပြောက်ညိုရောဂါ
2026-02-27,12:10:00,ပန်းတနော်မြို့,နှံစိမ့်ရောဂါ
2026-02-27,13:30:00,ပန်းတနော်မြို့,ဘက်တီးရီးယား ရွက်ခြောက်ရောဂါ
2026-02-27,13:23:00,မန္တလေးမြို့,ပင်စည်ထိုးပိုးကြောင့် အလယ်ညွန့်ခြောက်ခြင်း
2026-02-27,13:02:00,ညောင်တုန်းမြို့,ဘက်တီးရီးယား ရွက်ခြောက်ရောဂါ
2026-02-27,11:06:00,ရန်ကုန်မြို့,ဒေါင်းနီးမှိုရောဂါ
2026-02-28,14:42:00,ညောင်တုန်းမြို့,ဂုတ်ကျိုးရောဂါ (သို့) ရွက်ခြောက်ရောဂါ
2026-02-28,12:55:00,မန္တလေးမြို့,ဂုတ်ကျိုးရောဂါ (သို့) ရွက်ခြောက်ရောဂါ
2026-02-28,16:01:00,ရန်ကုန်မြို့,ဂုတ်ကျိုးရောဂါ (သို့) ရွက်ခြောက်ရောဂါ
2026-02-28,17:41:00,ပန်းတနော်မြို့,ဒေါင်းနီးမှိုရောဂါ
2026-02-28,17:19:00,ရန်ကုန်မြို့,ဆူးပိုး (Hispa) ဖျက်ဆီးမှု
2026-02-28,16:12:00,ရန်ကုန်မြို့,ဒေါင်းနီးမှိုရောဂါ
2026-02-28,14:38:00,ညောင်တုန်းမြို့,ဒေါင်းနီးမှိုရောဂါ
2026-02-28,11:01:00,မန္တလေးမြို့,ရွက်ပြောက်ညိုရောဂါ
2026-02-28,13:37:00,ညောင်တုန်းမြို့,နှံစိမ့်ရောဂါ
2026-02-28,08:22:00,ပန်းတနော်မြို့,ဘက်တီးရီးယား ရွက်စင်းရောဂါ
2026-02-28,10:21:00,မန္တလေးမြို့,ဘက်တီးရီးယား ရွက်ခြောက်ရောဂါ
2026-02-28,15:22:00,မန္တလေးမြို့,နှံစိမ့်ရောဂါ
2026-03-01,10:19:00,ညောင်တုန်းမြို့,ဂုတ်ကျိုးရောဂါ (သို့) ရွက်ခြောက်ရောဂါ
2026-03-01,13:14:00,မန္တလေးမြို့,ဂုတ်ကျိုးရောဂါ (သို့) ရွက်ခြောက်ရောဂါ
2026-03-01,13:02:00,ရန်ကုန်မြို့,တန်ဂရို ဗိုင်းရပ်စ်ရောဂါ
2026-03-01,10:29:00,မန္တလေးမြို့,ရွက်ပြောက်ညိုရောဂါ
2026-03-01,12:49:00,ညောင်တုန်းမြို့,ဂုတ်ကျိုးရောဂါ (သို့) ရွက်ခြောက်ရောဂါ
2026-03-01,15:40:00,ညောင်တုန်းမြို့,ဘက်တီးရီးယား ရွက်စင်းရောဂါ
2026-03-01,08:02:00,ညောင်တုန်းမြို့,ဒေါင်းနီးမှိုရောဂါ
2026-03-01,09:07:00,မန္တလေးမြို့,တန်ဂရို ဗိုင်းရပ်စ်ရောဂါ
2026-03-01,14:02:00,ရန်ကုန်မြို့,တန်ဂရို ဗိုင်းရပ်စ်ရောဂါ
2026-03-02,12:44:00,မန္တလေးမြို့,ဆူးပိုး (Hispa) ဖျက်ဆီးမှု
2026-03-02,13:12:00,ရန်ကုန်မြို့,ဘက်တီးရီးယား ရွက်ခြောက်ရောဂါ
2026-03-02,09:11:00,မန္တလေးမြို့,နှံစိမ့်ရောဂါ
2026-03-02,11:30:00,မန္တလေးမြို့,ဒေါင်းနီးမှိုရောဂါ
2026-03-02,15:12:00,ရန်ကုန်မြို့,ဆူးပိုး (Hispa) ဖျက်ဆီးမှု
2026-03-02,15:35:00,ညောင်တုန်းမြို့,ပင်စည်ထိုးပိုးကြောင့် အလယ်ညွန့်ခြောက်ခြင်း
2026-03-02,12:47:00,ရန်ကုန်မြို့,ရွက်ပြောက်ညိုရောဂါ
2026-03-02,10:38:00,ရန်ကုန်မြို့,ဒေါင်းနီးမှိုရောဂါ
2026-03-02,13:07:00,ပန်းတနော်မြို့,ဆူးပိုး (Hispa) ဖျက်ဆီးမှု
2026-03-02,10:16:00,ရန်ကုန်မြို့,ဘက်တီးရီးယား ရွက်စင်းရောဂါ
2026-03-02,14:54:00,ရန်ကုန်မြို့,ပင်စည်ထိုးပိုးကြောင့် အလယ်ညွန့်ခြောက်ခြင်း
2026-03-02,09:04:00,မန္တလေးမြို့,ဒေါင်းနီးမှိုရောဂါ
2026-03-03,16:18:00,ညောင်တုန်းမြို့,တန်ဂရို ဗိုင်းရပ်စ်ရောဂါ
2026-03-03,09:27:00,ညောင်တုန်းမြို့,ဒေါင်းနီးမှိုရောဂါ
2026-03-03,14:05:00,ရန်ကုန်မြို့,ဂုတ်ကျိုးရောဂါ (သို့) ရွက်ခြောက်ရောဂါ
2026-03-03,08:05:00,ညောင်တုန်းမြို့,ဆူးပိုး (Hispa) ဖျက်ဆီးမှု
2026-03-03,09:21:00,ညောင်တုန်းမြို့,ဒေါင်းနီးမှိုရောဂါ
2026-03-03,09:04:00,ပန်းတနော်မြို့,ဘက်တီးရီးယား ရွက်ခြောက်ရောဂါ
2026-03-03,14:03:00,ရန်ကုန်မြို့,ပင်စည်ထိုးပိုးကြောင့် အလယ်ညွန့်ခြောက်ခြင်း
2026-03-03,16:50:00,ရန်ကုန်မြို့,တန်ဂရို ဗိုင်းရပ်စ်ရောဂါ
2026-03-03,08:27:00,ရန်ကုန်မြို့,ဆူးပိုး (Hispa) ဖျက်ဆီးမှု
2026-03-03,11:49:00,ညောင်တုန်းမြို့,ဘက်တီးရီးယား ရွက်စင်းရောဂါ
2026-03-04,09:48:00,ညောင်တုန်းမြို့,တန်ဂရို ဗိုင်းရပ်စ်ရောဂါ
2026-03-04,09:31:00,ပန်းတနော်မြို့,တန်ဂရို ဗိုင်းရပ်စ်ရောဂါ
2026-03-04,13:17:00,ရန်ကုန်မြို့,ဆူးပိုး (Hispa) ဖျက်ဆီးမှု
2026-03-04,10:46:00,ပန်းတနော်မြို့,တန်ဂရို ဗိုင်းရပ်စ်ရောဂါ
2026-03-04,13:47:00,ရန်ကုန်မြို့,ဆူးပိုး (Hispa) ဖျက်ဆီးမှု
2026-03-04,15:28:00,ရန်ကုန်မြို့,ဘက်တီးရီးယား ရွက်ခြောက်ရောဂါ
2026-03-04,12:39:00,ပန်းတနော်မြို့,ဂုတ်ကျိုးရောဂါ (သို့) ရွက်ခြောက်ရောဂါ
2026-03-04,08:51:00,မန္တလေးမြို့,ပင်စည်ထိုးပိုးကြောင့် အလယ်ညွန့်ခြောက်ခြင်း
2026-03-04,14:01:00,မန္တလေးမြို့,ဂုတ်ကျိုးရောဂါ (သို့) ရွက်ခြောက်ရောဂါ
2026-03-04,10:27:00,ရန်ကုန်မြို့,နှံစိမ့်ရောဂါ
2026-03-04,16:52:00,ပန်းတနော်မြို့,ဆူးပိုး (Hispa) ဖျက်ဆီးမှု
2026-03-04,12:05:00,မန္တလေးမြို့,နှံစိမ့်ရောဂါ
2026-03-05,12:04:00,ရန်ကုန်မြို့,ဘက်တီးရီးယား ရွက်စင်းရောဂါ
2026-03-05,16:00:00,မန္တလေးမြို့,ဂုတ်ကျိုးရောဂါ (သို့) ရွက်ခြောက်ရောဂါ
2026-03-05,09:09:00,မန္တလေးမြို့,ရွက်ပြောက်ညိုရောဂါ
2026-03-05,13:53:00,ညောင်တုန်းမြို့,ဘက်တီးရီးယား ရွက်ခြောက်ရောဂါ
2026-03-05,17:09:00,ပန်းတနော်မြို့,တန်ဂရို ဗိုင်းရပ်စ်ရောဂါ
2026-03-05,15:17:00,မန္တလေးမြို့,တန်ဂရို ဗိုင်းရပ်စ်ရောဂါ
2026-03-05,16:00:00,ရန်ကုန်မြို့,ဆူးပိုး (Hispa) ဖျက်ဆီးမှု
2026-03-05,11:58:00,မန္တလေးမြို့,ဂုတ်ကျိုးရောဂါ (သို့) ရွက်ခြောက်ရောဂါ
2026-03-05,08:15:00,ညောင်တုန်းမြို့,ရွက်ပြောက်ညိုရောဂါ
2026-03-05,12:12:00,ပန်းတနော်မြို့,ဆူးပိုး (Hispa) ဖျက်ဆီးမှု
2026-03-06,13:12:00,ရန်ကုန်မြို့,နှံစိမ့်ရောဂါ
2026-03-06,10:12:00,မန္တလေးမြို့,ဂုတ်ကျိုးရောဂါ (သို့) ရွက်ခြောက်ရောဂါ
2026-03-06,11:49:00,ရန်ကုန်မြို့,နှံစိမ့်ရောဂါ
2026-03-06,11:41:00,ပန်းတနော်မြို့,တန်ဂရို ဗိုင်းရပ်စ်ရောဂါ
2026-03-06,11:35:00,ပန်းတနော်မြို့,တန်ဂရို ဗိုင်းရပ်စ်ရောဂါ
2026-03-06,16:10:00,မန္တလေးမြို့,ဆူးပိုး (Hispa) ဖျက်ဆီးမှု
2026-03-06,15:07:00,ပန်းတနော်မြို့,ဂုတ်ကျိုးရောဂါ (သို့) ရွက်ခြောက်ရောဂါ
2026-03-06,17:50:00,ပန်းတနော်မြို့,နှံစိမ့်ရောဂါ
2026-03-06,17:11:00,ရန်ကုန်မြို့,တန်ဂရို ဗိုင်းရပ်စ်ရောဂါ
2026-03-06,09:26:00,ရန်ကုန်မြို့,တန်ဂရို ဗိုင်းရပ်စ်ရောဂါ
2026-03-06,11:01:00,ရန်ကုန်မြို့,ဆူးပိုး (Hispa) ဖျက်ဆီးမှု
2026-03-07,13:28:00,ညောင်တုန်းမြို့,ဘက်တီးရီးယား ရွက်စင်းရောဂါ
2026-03-07,12:30:00,ရန်ကုန်မြို့,ပင်စည်ထိုးပိုးကြောင့် အလယ်ညွန့်ခြောက်ခြင်း
2026-03-07,17:25:00,မန္တလေးမြို့,နှံစိမ့်ရောဂါ
2026-03-07,09:01:00,မန္တလေးမြို့,ဘက်တီးရီးယား ရွက်ခြောက်ရောဂါ
2026-03-07,16:13:00,မန္တလေးမြို့,ရွက်ပြောက်ညိုရောဂါ
2026-03-07,15:09:00,ရန်ကုန်မြို့,ဂုတ်ကျိုးရောဂါ (သို့) ရွက်ခြောက်ရောဂါ
2026-03-07,11:48:00,ညောင်တုန်းမြို့,ဘက်တီးရီးယား ရွက်ခြောက်ရောဂါ
2026-03-07,15:49:00,မန္တလေးမြို့,ဂုတ်ကျိုးရောဂါ (သို့) ရွက်ခြောက်ရောဂါ
2026-03-08,15:35:00,ရန်ကုန်မြို့,တန်ဂရို ဗိုင်းရပ်စ်ရောဂါ
2026-03-08,08:04:00,မန္တလေးမြို့,ပင်စည်ထိုးပိုးကြောင့် အလယ်ညွန့်ခြောက်ခြင်း
2026-03-08,16:57:00,ရန်ကုန်မြို့,ဒေါင်းနီးမှိုရောဂါ
2026-03-08,08:47:00,မန္တလေးမြို့,ဂုတ်ကျိုးရောဂါ (သို့) ရွက်ခြောက်ရောဂါ
2026-03-08,16:28:00,မန္တလေးမြို့,ပင်စည်ထိုးပိုးကြောင့် အလယ်ညွန့်ခြောက်ခြင်း
2026-03-08,12:00:00,ညောင်တုန်းမြို့,ဆူးပိုး (Hispa) ဖျက်ဆီးမှု
2026-03-08,15:33:00,ပန်းတနော်မြို့,ဆူးပိုး (Hispa) ဖျက်ဆီးမှု
2026-03-08,15:14:00,ပန်းတနော်မြို့,နှံစိမ့်ရောဂါ
2026-03-09,08:30:00,ရန်ကုန်မြို့,ဘက်တီးရီးယား ရွက်စင်းရောဂါ
2026-03-09,17:00:00,မန္တလေးမြို့,ဘက်တီးရီးယား ရွက်ခြောက်ရောဂါ
2026-03-09,10:30:00,မန္တလေးမြို့,ဘက်တီးရီးယား ရွက်ခြောက်ရောဂါ
2026-03-09,13:55:00,ရန်ကုန်မြို့,နှံစိမ့်ရောဂါ
2026-03-09,08:44:00,ပန်းတနော်မြို့,ဆူးပိုး (Hispa) ဖျက်ဆီးမှု
2026-03-09,13:40:00,ပန်းတနော်မြို့,ရွက်ပြောက်ညိုရောဂါ
2026-03-09,08:32:00,မန္တလေးမြို့,ဆူးပိုး (Hispa) ဖျက်ဆီးမှု
2026-03-09,16:41:00,ညောင်တုန်းမြို့,ဒေါင်းနီးမှိုရောဂါ
2026-03-09,13:14:00,ညောင်တုန်းမြို့,ဆူးပိုး (Hispa) ဖျက်ဆီးမှု
2026-03-09,16:36:00,ရန်ကုန်မြို့,ဒေါင်းနီးမှိုရောဂါ
2026-03-10,16:20:00,ပန်းတနော်မြို့,ဘက်တီးရီးယား ရွက်ခြောက်ရောဂါ
2026-03-10,09:55:00,ညောင်တုန်းမြို့,တန်ဂရို ဗိုင်းရပ်စ်ရောဂါ
2026-03-10,15:49:00,ရန်ကုန်မြို့,တန်ဂရို ဗိုင်းရပ်စ်ရောဂါ
2026-03-10,10:26:00,မန္တလေးမြို့,ရွက်ပြောက်ညိုရောဂါ
2026-03-10,12:07:00,ပန်းတနော်မြို့,ဆူးပိုး (Hispa) ဖျက်ဆီးမှု
2026-03-10,11:23:00,ပန်းတနော်မြို့,နှံစိမ့်ရောဂါ
2026-03-10,10:20:00,ရန်ကုန်မြို့,ဆူးပိုး (Hispa) ဖျက်ဆီးမှု
2026-03-10,09:31:00,ရန်ကုန်မြို့,ရွက်ပြောက်ညိုရောဂါ
2026-03-10,17:25:00,ပန်းတနော်မြို့,ဘက်တီးရီးယား ရွက်ခြောက်ရောဂါ
2026-03-10,14:53:00,ရန်ကုန်မြို့,နှံစိမ့်ရောဂါ
2026-03-10,15:41:00,ညောင်တုန်းမြို့,ဒေါင်းနီးမှိုရောဂါ
2026-03-11,10:14:00,ပန်းတနော်မြို့,ပင်စည်ထိုးပိုးကြောင့် အလယ်ညွန့်ခြောက်ခြင်း
2026-03-11,16:09:00,ညောင်တုန်းမြို့,ဘက်တီးရီးယား ရွက်ခြောက်ရောဂါ
2026-03-11,16:21:00,ညောင်တုန်းမြို့,ဘက်တီးရီးယား ရွက်စင်းရောဂါ
2026-03-11,10:16:00,ရန်ကုန်မြို့,ဘက်တီးရီးယား ရွက်ခြောက်ရောဂါ
2026-03-11,09:07:00,ရန်ကုန်မြို့,ဂုတ်ကျိုးရောဂါ (သို့) ရွက်ခြောက်ရောဂါ
2026-03-11,14:54:00,ညောင်တုန်းမြို့,ဂုတ်ကျိုးရောဂါ (သို့) ရွက်ခြောက်ရောဂါ
2026-03-11,12:42:00,ပန်းတနော်မြို့,ဆူးပိုး (Hispa) ဖျက်ဆီးမှု
2026-03-11,10:38:00,ရန်ကုန်မြို့,ပင်စည်ထိုးပိုးကြောင့် အလယ်ညွန့်ခြောက်ခြင်း
2026-03-11,09:28:00,ညောင်တုန်းမြို့,နှံစိမ့်ရောဂါ
2026-03-11,17:10:00,မန္တလေးမြို့,ဂုတ်ကျိုးရောဂါ (သို့) ရွက်ခြောက်ရောဂါ
2026-03-11,17:40:00,ရန်ကုန်မြို့,ဘက်တီးရီးယား ရွက်စင်းရောဂါ
2026-03-11,15:06:00,ညောင်တုန်းမြို့,တန်ဂရို ဗိုင်းရပ်စ်ရောဂါ
2026-03-12,15:58:00,မန္တလေးမြို့,ရွက်ပြောက်ညိုရောဂါ
2026-03-12,14:37:00,မန္တလေးမြို့,ဘက်တီးရီးယား ရွက်စင်းရောဂါ
2026-03-12,11:07:00,ညောင်တုန်းမြို့,ရွက်ပြောက်ညိုရောဂါ
2026-03-12,17:30:00,ညောင်တုန်းမြို့,ဘက်တီးရီးယား ရွက်စင်းရောဂါ
2026-03-12,14:06:00,ညောင်တုန်းမြို့,ဘက်တီးရီးယား ရွက်စင်းရောဂါ
2026-03-12,17:54:00,ပန်းတနော်မြို့,ဂုတ်ကျိုးရောဂါ (သို့) ရွက်ခြောက်ရောဂါ
2026-03-12,13:47:00,ညောင်တုန်းမြို့,တန်ဂရို ဗိုင်းရပ်စ်ရောဂါ
2026-03-12,09:47:00,ရန်ကုန်မြို့,နှံစိမ့်ရောဂါ
2026-03-13,17:14:00,ညောင်တုန်းမြို့,ဂုတ်ကျိုးရောဂါ (သို့) ရွက်ခြောက်ရောဂါ
2026-03-13,13:58:00,ပန်းတနော်မြို့,နှံစိမ့်ရောဂါ
2026-03-13,13:49:00,ရန်ကုန်မြို့,ဘက်တီးရီးယား ရွက်ခြောက်ရောဂါ
2026-03-13,09:36:00,ညောင်တုန်းမြို့,ရွက်ပြောက်ညိုရောဂါ
2026-03-13,10:58:00,ရန်ကုန်မြို့,ပင်စည်ထိုးပိုးကြောင့် အလယ်ညွန့်ခြောက်ခြင်း
2026-03-13,14:32:00,ပန်းတနော်မြို့,ဘက်တီးရီးယား ရွက်ခြောက်ရောဂါ
2026-03-13,09:32:00,မန္တလေးမြို့,ဒေါင်းနီးမှိုရောဂါ
2026-03-13,13:00:00,ရန်ကုန်မြို့,ဆူးပိုး (Hispa) ဖျက်ဆီးမှု
2026-03-13,14:47:00,ရန်ကုန်မြို့,ဂုတ်ကျိုးရောဂါ (သို့) ရွက်ခြောက်ရောဂါ
2026-03-13,13:07:00,ညောင်တုန်းမြို့,ရွက်ပြောက်ညိုရောဂါ
2026-03-13,12:59:00,ရန်ကုန်မြို့,ဘက်တီးရီးယား ရွက်ခြောက်ရောဂါ
2026-03-13,10:05:00,မန္တလေးမြို့,ဂုတ်ကျိုးရောဂါ (သို့) ရွက်ခြောက်ရောဂါ
2026-03-14,16:14:00,ရန်ကုန်မြို့,ဆူးပိုး (Hispa) ဖျက်ဆီးမှု
2026-03-14,13:47:00,ညောင်တုန်းမြို့,ပင်စည်ထိုးပိုးကြောင့် အလယ်ညွန့်ခြောက်ခြင်း
2026-03-14,10:55:00,ညောင်တုန်းမြို့,ဘက်တီးရီးယား ရွက်စင်းရောဂါ
2026-03-14,16:00:00,ပန်းတနော်မြို့,ဘက်တီးရီးယား ရွက်ခြောက်ရောဂါ
2026-03-14,13:51:00,ရန်ကုန်မြို့,ဆူးပိုး (Hispa) ဖျက်ဆီးမှု
2026-03-14,09:13:00,မန္တလေးမြို့,ဘက်တီးရီးယား ရွက်ခြောက်ရောဂါ
2026-03-14,13:22:00,ပန်းတနော်မြို့,ပင်စည်ထိုးပိုးကြောင့် အလယ်ညွန့်ခြောက်ခြင်း
2026-03-14,15:26:00,ရန်ကုန်မြို့,ဆူးပိုး (Hispa) ဖျက်ဆီးမှု
2026-03-14,10:27:00,ပန်းတနော်မြို့,ဂုတ်ကျိုးရောဂါ (သို့) ရွက်ခြောက်ရောဂါ
2026-03-14,16:15:00,ပန်းတနော်မြို့,ပင်စည်ထိုးပိုးကြောင့် အလယ်ညွန့်ခြောက်ခြင်း
2026-03-14,16:18:00,ရန်ကုန်မြို့,ဂုတ်ကျိုးရောဂါ (သို့) ရွက်ခြောက်ရောဂါ
2026-03-14,09:09:00,ပန်းတနော်မြို့,တန်ဂရို ဗိုင်းရပ်စ်ရောဂါ
2026-03-15,13:22:00,မန္တလေးမြို့,ဘက်တီးရီးယား ရွက်စင်းရောဂါ
2026-03-15,17:09:00,ညောင်တုန်းမြို့,ဂုတ်ကျိုးရောဂါ (သို့) ရွက်ခြောက်ရောဂါ
2026-03-15,10:48:00,ပန်းတနော်မြို့,ပင်စည်ထိုးပိုးကြောင့် အလယ်ညွန့်ခြောက်ခြင်း
2026-03-15,08:45:00,ရန်ကုန်မြို့,ဒေါင်းနီးမှိုရောဂါ
2026-03-15,12:05:00,ရန်ကုန်မြို့,ပင်စည်ထိုးပိုးကြောင့် အလယ်ညွန့်ခြောက်ခြင်း
2026-03-15,17:44:00,ပန်းတနော်မြို့,တန်ဂရို ဗိုင်းရပ်စ်ရောဂါ
2026-03-15,09:03:00,ပန်းတနော်မြို့,ဘက်တီးရီးယား ရွက်ခြောက်ရောဂါ
2026-03-15,16:05:00,မန္တလေးမြို့,ဒေါင်းနီးမှိုရောဂါ
2026-03-16,13:55:00,မန္တလေးမြို့,ဘက်တီးရီးယား ရွက်စင်းရောဂါ
2026-03-16,14:57:00,မန္တလေးမြို့,တန်ဂရို ဗိုင်းရပ်စ်ရောဂါ
2026-03-16,14:06:00,ရန်ကုန်မြို့,ဂုတ်ကျိုးရောဂါ (သို့) ရွက်ခြောက်ရောဂါ
2026-03-16,08:09:00,ရန်ကုန်မြို့,တန်ဂရို ဗိုင်းရပ်စ်ရောဂါ
2026-03-16,11:11:00,ရန်ကုန်မြို့,ဂုတ်ကျိုးရောဂါ (သို့) ရွက်ခြောက်ရောဂါ
2026-03-16,09:06:00,မန္တလေးမြို့,ပင်စည်ထိုးပိုးကြောင့် အလယ်ညွန့်ခြောက်ခြင်း
2026-03-16,15:21:00,မန္တလေးမြို့,ဘက်တီးရီးယား ရွက်ခြောက်ရောဂါ
2026-03-16,11:58:00,ပန်းတနော်မြို့,တန်ဂရို ဗိုင်းရပ်စ်ရောဂါ
2026-03-16,09:35:00,ရန်ကုန်မြို့,တန်ဂရို ဗိုင်းရပ်စ်ရောဂါ
2026-03-17,11:54:00,ညောင်တုန်းမြို့,ဘက်တီးရီးယား ရွက်စင်းရောဂါ
2026-03-17,09:46:00,မန္တလေးမြို့,ဘက်တီးရီးယား ရွက်ခြောက်ရောဂါ
2026-03-17,10:04:00,မန္တလေးမြို့,ဘက်တီးရီးယား ရွက်ခြောက်ရောဂါ
2026-03-17,15:33:00,ပန်းတနော်မြို့,ဆူးပိုး (Hispa) ဖျက်ဆီးမှု
2026-03-17,15:42:00,ညောင်တုန်းမြို့,ဆူးပိုး (Hispa) ဖျက်ဆီးမှု
2026-03-17,13:07:00,မန္တလေးမြို့,နှံစိမ့်ရောဂါ
2026-03-17,11:36:00,ရန်ကုန်မြို့,နှံစိမ့်ရောဂါ
2026-03-17,14:28:00,ညောင်တုန်းမြို့,ဘက်တီးရီးယား ရွက်ခြောက်ရောဂါ
2026-03-17,12:34:00,ရန်ကုန်မြို့,ဆူးပိုး (Hispa) ဖျက်ဆီးမှု
2026-03-17,15:24:00,ပန်းတနော်မြို့,ဂုတ်ကျိုးရောဂါ (သို့) ရွက်ခြောက်ရောဂါ
2026-03-17,08:03:00,ပန်းတနော်မြို့,ဘက်တီးရီးယား ရွက်ခြောက်ရောဂါ
2026-03-18,09:34:00,မန္တလေးမြို့,ပင်စည်ထိုးပိုးကြောင့် အလယ်ညွန့်ခြောက်ခြင်း
2026-03-18,08:27:00,ပန်းတနော်မြို့,နှံစိမ့်ရောဂါ
2026-03-18,12:20:00,ရန်ကုန်မြို့,ဘက်တီးရီးယား ရွက်ခြောက်ရောဂါ
2026-03-18,09:21:00,ပန်းတနော်မြို့,တန်ဂရို ဗိုင်းရပ်စ်ရောဂါ
2026-03-18,13:06:00,ညောင်တုန်းမြို့,နှံစိမ့်ရောဂါ
2026-03-18,10:50:00,ပန်းတနော်မြို့,ဆူးပိုး (Hispa) ဖျက်ဆီးမှု
2026-03-18,10:44:00,မန္တလေးမြို့,ဒေါင်းနီးမှိုရောဂါ
2026-03-18,10:05:00,မန္တလေးမြို့,ရွက်ပြောက်ညိုရောဂါ
2026-03-19,08:16:00,မန္တလေးမြို့,ရွက်ပြောက်ညိုရောဂါ
2026-03-19,08:21:00,ရန်ကုန်မြို့,ဘက်တီးရီးယား ရွက်ခြောက်ရောဂါ
2026-03-19,13:14:00,ညောင်တုန်းမြို့,တန်ဂရို ဗိုင်းရပ်စ်ရောဂါ
2026-03-19,10:57:00,မန္တလေးမြို့,ဂုတ်ကျိုးရောဂါ (သို့) ရွက်ခြောက်ရောဂါ
2026-03-19,08:15:00,မန္တလေးမြို့,ဂုတ်ကျိုးရောဂါ (သို့) ရွက်ခြောက်ရောဂါ
2026-03-19,11:56:00,မန္တလေးမြို့,ဒေါင်းနီးမှိုရောဂါ
2026-03-19,08:23:00,မန္တလေးမြို့,ပင်စည်ထိုးပိုးကြောင့် အလယ်ညွန့်ခြောက်ခြင်း
2026-03-19,11:42:00,ရန်ကုန်မြို့,ရွက်ပြောက်ညိုရောဂါ
2026-03-19,09:22:00,ညောင်တုန်းမြို့,ဒေါင်းနီးမှိုရောဂါ
2026-03-19,13:47:00,ညောင်တုန်းမြို့,ဆူးပိုး (Hispa) ဖျက်ဆီးမှု
2026-03-19,14:18:00,ရန်ကုန်မြို့,ဆူးပိုး (Hispa) ဖျက်ဆီးမှု
2026-03-20,16:48:00,ညောင်တုန်းမြို့,နှံစိမ့်ရောဂါ
2026-03-20,16:33:00,ပန်းတနော်မြို့,တန်ဂရို ဗိုင်းရပ်စ်ရောဂါ
2026-03-20,15:06:00,မန္တလေးမြို့,ဂုတ်ကျိုးရောဂါ (သို့) ရွက်ခြောက်ရောဂါ
2026-03-20,16:29:00,ညောင်တုန်းမြို့,တန်ဂရို ဗိုင်းရပ်စ်ရောဂါ
2026-03-20,11:42:00,ပန်းတနော်မြို့,ဆူးပိုး (Hispa) ဖျက်ဆီးမှု
2026-03-20,13:41:00,ပန်းတနော်မြို့,ပင်စည်ထိုးပိုးကြောင့် အလယ်ညွန့်ခြောက်ခြင်း
2026-03-20,09:34:00,ရန်ကုန်မြို့,ဆူးပိုး (Hispa) ဖျက်ဆီးမှု
2026-03-20,10:11:00,မန္တလေးမြို့,ပင်စည်ထိုးပိုးကြောင့် အလယ်ညွန့်ခြောက်ခြင်း
2026-03-20,17:10:00,ရန်ကုန်မြို့,ပင်စည်ထိုးပိုးကြောင့် အလယ်ညွန့်ခြောက်ခြင်း
2026-03-20,16:31:00,ညောင်တုန်းမြို့,နှံစိမ့်ရောဂါ
2026-03-20,16:34:00,မန္တလေးမြို့,နှံစိမ့်ရောဂါ
2026-03-21,11:21:00,ပန်းတနော်မြို့,ဆူးပိုး (Hispa) ဖျက်ဆီးမှု
2026-03-21,17:48:00,ညောင်တုန်းမြို့,ဂုတ်ကျိုးရောဂါ (သို့) ရွက်ခြောက်ရောဂါ
2026-03-21,11:31:00,မန္တလေးမြို့,ရွက်ပြောက်ညိုရောဂါ
2026-03-21,16:05:00,ပန်းတနော်မြို့,ဘက်တီးရီးယား ရွက်ခြောက်ရောဂါ
2026-03-21,11:26:00,မန္တလေးမြို့,နှံစိမ့်ရောဂါ
2026-03-21,09:29:00,မန္တလေးမြို့,ဆူးပိုး (Hispa) ဖျက်ဆီးမှု
2026-03-21,11:04:00,ညောင်တုန်းမြို့,ဒေါင်းနီးမှိုရောဂါ
2026-03-21,09:30:00,ညောင်တုန်းမြို့,တန်ဂရို ဗိုင်းရပ်စ်ရောဂါ
2026-03-22,09:57:00,ရန်ကုန်မြို့,ဂုတ်ကျိုးရောဂါ (သို့) ရွက်ခြောက်ရောဂါ
2026-03-22,11:38:00,မန္တလေးမြို့,ဒေါင်းနီးမှိုရောဂါ
2026-03-22,13:23:00,ညောင်တုန်းမြို့,ပင်စည်ထိုးပိုးကြောင့် အလယ်ညွန့်ခြောက်ခြင်း
2026-03-22,08:12:00,ရန်ကုန်မြို့,ရွက်ပြောက်ညိုရောဂါ
2026-03-22,12:34:00,ရန်ကုန်မြို့,ဂုတ်ကျိုးရောဂါ (သို့) ရွက်ခြောက်ရောဂါ
2026-03-22,15:49:00,မန္တလေးမြို့,ပင်စည်ထိုးပိုးကြောင့် အလယ်ညွန့်ခြောက်ခြင်း
2026-03-22,12:25:00,ပန်းတနော်မြို့,ဘက်တီးရီးယား ရွက်စင်းရောဂါ
2026-03-22,15:16:00,ပန်းတနော်မြို့,နှံစိမ့်ရောဂါ
2026-03-22,13:39:00,မန္တလေးမြို့,ပင်စည်ထိုးပိုးကြောင့် အလယ်ညွန့်ခြောက်ခြင်း
2026-03-22,13:54:00,ညောင်တုန်းမြို့,ဒေါင်းနီးမှိုရောဂါ
2026-03-22,12:18:00,ပန်းတနော်မြို့,ဘက်တီးရီးယား ရွက်စင်းရောဂါ
2026-03-23,13:29:00,ရန်ကုန်မြို့,ဘက်တီးရီးယား ရွက်စင်းရောဂါ
2026-03-23,17:31:00,ညောင်တုန်းမြို့,တန်ဂရို ဗိုင်းရပ်စ်ရောဂါ
2026-03-23,14:31:00,ပန်းတနော်မြို့,ဒေါင်းနီးမှိုရောဂါ
2026-03-23,10:32:00,ပန်းတနော်မြို့,နှံစိမ့်ရောဂါ
2026-03-23,13:37:00,ညောင်တုန်းမြို့,ဘက်တီးရီးယား ရွက်ခြောက်ရောဂါ
2026-03-23,11:46:00,ရန်ကုန်မြို့,ဆူးပိုး (Hispa) ဖျက်ဆီးမှု
2026-03-23,10:17:00,ညောင်တုန်းမြို့,ဒေါင်းနီးမှိုရောဂါ
2026-03-23,15:19:00,ညောင်တုန်းမြို့,ဘက်တီးရီးယား ရွက်စင်းရောဂါ
2026-03-23,15:36:00,ညောင်တုန်းမြို့,ရွက်ပြောက်ညိုရောဂါ
2026-03-23,11:39:00,မန္တလေးမြို့,ဘက်တီးရီးယား ရွက်စင်းရောဂါ
2026-03-23,16:22:00,မန္တလေးမြို့,ဘက်တီးရီးယား ရွက်စင်းရောဂါ
2026-03-24,10:00:00,ရန်ကုန်မြို့,ဆူးပိုး (Hispa) ဖျက်ဆီးမှု
2026-03-24,13:08:00,ညောင်တုန်းမြို့,ဒေါင်းနီးမှိုရောဂါ
2026-03-24,08:40:00,မန္တလေးမြို့,တန်ဂရို ဗိုင်းရပ်စ်ရောဂါ
2026-03-24,10:25:00,ညောင်တုန်းမြို့,နှံစိမ့်ရောဂါ
2026-03-24,09:47:00,ညောင်တုန်းမြို့,နှံစိမ့်ရောဂါ
2026-03-24,12:57:00,မန္တလေးမြို့,ဆူးပိုး (Hispa) ဖျက်ဆီးမှု
2026-03-24,09:21:00,ရန်ကုန်မြို့,ပင်စည်ထိုးပိုးကြောင့် အလယ်ညွန့်ခြောက်ခြင်း
2026-03-24,10:04:00,ရန်ကုန်မြို့,နှံစိမ့်ရောဂါ
2026-03-25,10:09:00,ပန်းတနော်မြို့,ဆူးပိုး (Hispa) ဖျက်ဆီးမှု
2026-03-25,17:33:00,ညောင်တုန်းမြို့,ရွက်ပြောက်ညိုရောဂါ
2026-03-25,16:41:00,ပန်းတနော်မြို့,ဂုတ်ကျိုးရောဂါ (သို့) ရွက်ခြောက်ရောဂါ
2026-03-25,12:20:00,ရန်ကုန်မြို့,ဂုတ်ကျိုးရောဂါ (သို့) ရွက်ခြောက်ရောဂါ
2026-03-25,10:42:00,ရန်ကုန်မြို့,ဒေါင်းနီးမှိုရောဂါ
2026-03-25,14:45:00,မန္တလေးမြို့,နှံစိမ့်ရောဂါ
2026-03-25,16:10:00,ရန်ကုန်မြို့,ဘက်တီးရီးယား ရွက်ခြောက်ရောဂါ
2026-03-25,16:27:00,မန္တလေးမြို့,တန်ဂရို ဗိုင်းရပ်စ်ရောဂါ
2026-03-26,10:24:00,ရန်ကုန်မြို့,ဒေါင်းနီးမှိုရောဂါ
2026-03-26,10:10:00,ရန်ကုန်မြို့,တန်ဂရို ဗိုင်းရပ်စ်ရောဂါ
2026-03-26,15:59:00,ညောင်တုန်းမြို့,တန်ဂရို ဗိုင်းရပ်စ်ရောဂါ
2026-03-26,11:15:00,မန္တလေးမြို့,ဘက်တီးရီးယား ရွက်ခြောက်ရောဂါ
2026-03-26,13:47:00,မန္တလေးမြို့,ဂုတ်ကျိုးရောဂါ (သို့) ရွက်ခြောက်ရောဂါ
2026-03-26,13:48:00,ညောင်တုန်းမြို့,တန်ဂရို ဗိုင်းရပ်စ်ရောဂါ
2026-03-26,15:29:00,မန္တလေးမြို့,ရွက်ပြောက်ညိုရောဂါ
2026-03-26,08:59:00,ညောင်တုန်းမြို့,ဘက်တီးရီးယား ရွက်ခြောက်ရောဂါ
2026-03-26,13:52:00,ရန်ကုန်မြို့,တန်ဂရို ဗိုင်းရပ်စ်ရောဂါ
2026-03-26,13:12:00,ပန်းတနော်မြို့,ဂုတ်ကျိုးရောဂါ (သို့) ရွက်ခြောက်ရောဂါ
2026-03-26,16:05:00,ညောင်တုန်းမြို့,ဘက်တီးရီးယား ရွက်ခြောက်ရောဂါ
2026-03-26,16:42:00,ရန်ကုန်မြို့,ဂုတ်ကျိုးရောဂါ (သို့) ရွက်ခြောက်ရောဂါ
2026-03-27,16:20:00,ပန်းတနော်မြို့,ဆူးပိုး (Hispa) ဖျက်ဆီးမှု
2026-03-27,15:24:00,မန္တလေးမြို့,ဒေါင်းနီးမှိုရောဂါ
2026-03-27,14:14:00,မန္တလေးမြို့,နှံစိမ့်ရောဂါ
2026-03-27,12:44:00,ပန်းတနော်မြို့,ဆူးပိုး (Hispa) ဖျက်ဆီးမှု
2026-03-27,08:22:00,ပန်းတနော်မြို့,ဆူးပိုး (Hispa) ဖျက်ဆီးမှု
2026-03-27,12:31:00,ပန်းတနော်မြို့,ဂုတ်ကျိုးရောဂါ (သို့) ရွက်ခြောက်ရောဂါ
2026-03-27,13:22:00,ရန်ကုန်မြို့,ဆူးပိုး (Hispa) ဖျက်ဆီးမှု
2026-03-27,16:34:00,ပန်းတနော်မြို့,ဆူးပိုး (Hispa) ဖျက်ဆီးမှု
2026-03-27,14:29:00,မန္တလေးမြို့,ဘက်တီးရီးယား ရွက်စင်းရောဂါ
2026-03-28,17:27:00,မန္တလေးမြို့,ဘက်တီးရီးယား ရွက်စင်းရောဂါ
2026-03-28,10:17:00,ရန်ကုန်မြို့,ဘက်တီးရီးယား ရွက်စင်းရောဂါ
2026-03-28,08:29:00,ညောင်တုန်းမြို့,ဘက်တီးရီးယား ရွက်စင်းရောဂါ
2026-03-28,08:23:00,မန္တလေးမြို့,ဆူးပိုး (Hispa) ဖျက်ဆီးမှု
2026-03-28,09:48:00,ပန်းတနော်မြို့,ဂုတ်ကျိုးရောဂါ (သို့) ရွက်ခြောက်ရောဂါ
2026-03-28,13:13:00,ပန်းတနော်မြို့,နှံစိမ့်ရောဂါ
2026-03-28,08:27:00,ရန်ကုန်မြို့,နှံစိမ့်ရောဂါ
2026-03-28,16:24:00,မန္တလေးမြို့,ဘက်တီးရီးယား ရွက်စင်းရောဂါ
2026-03-28,15:49:00,မန္တလေးမြို့,ပင်စည်ထိုးပိုးကြောင့် အလယ်ညွန့်ခြောက်ခြင်း
2026-03-28,12:41:00,မန္တလေးမြို့,ဘက်တီးရီးယား ရွက်ခြောက်ရောဂါ
2026-03-28,10:48:00,ပန်းတနော်မြို့,ဘက်တီးရီးယား ရွက်ခြောက်ရောဂါ
2026-03-28,13:50:00,ညောင်တုန်းမြို့,ဘက်တီးရီးယား ရွက်ခြောက်ရောဂါ
2026-03-29,14:52:00,ညောင်တုန်းမြို့,ဆူးပိုး (Hispa) ဖျက်ဆီးမှု
2026-03-29,16:36:00,ပန်းတနော်မြို့,ရွက်ပြောက်ညိုရောဂါ
2026-03-29,10:17:00,ရန်ကုန်မြို့,တန်ဂရို ဗိုင်းရပ်စ်ရောဂါ
2026-03-29,12:52:00,မန္တလေးမြို့,ဒေါင်းနီးမှိုရောဂါ
2026-03-29,12:54:00,မန္တလေးမြို့,ရွက်ပြောက်ညိုရောဂါ
2026-03-29,15:41:00,ရန်ကုန်မြို့,ရွက်ပြောက်ညိုရောဂါ
2026-03-29,08:17:00,ညောင်တုန်းမြို့,တန်ဂရို ဗိုင်းရပ်စ်ရောဂါ
2026-03-29,11:24:00,ညောင်တုန်းမြို့,ဂုတ်ကျိုးရောဂါ (သို့) ရွက်ခြောက်ရောဂါ
2026-03-30,12:22:00,ရန်ကုန်မြို့,ဘက်တီးရီးယား ရွက်ခြောက်ရောဂါ
2026-03-30,11:59:00,ညောင်တုန်းမြို့,နှံစိမ့်ရောဂါ
2026-03-30,10:16:00,ရန်ကုန်မြို့,ရွက်ပြောက်ညိုရောဂါ
2026-03-30,11:53:00,ရန်ကုန်မြို့,ဘက်တီးရီးယား ရွက်စင်းရောဂါ
2026-03-30,16:51:00,ရန်ကုန်မြို့,ပင်စည်ထိုးပိုးကြောင့် အလယ်ညွန့်ခြောက်ခြင်း
2026-03-30,14:44:00,ပန်းတနော်မြို့,ဘက်တီးရီးယား ရွက်ခြောက်ရောဂါ
2026-03-30,13:54:00,မန္တလေးမြို့,ပင်စည်ထိုးပိုးကြောင့် အလယ်ညွန့်ခြောက်ခြင်း
2026-03-30,14:34:00,ရန်ကုန်မြို့,ဂုတ်ကျိုးရောဂါ (သို့) ရွက်ခြောက်ရောဂါ
2026-03-30,09:10:00,ပန်းတနော်မြို့,ဘက်တီးရီးယား ရွက်စင်းရောဂါ
2026-03-30,08:06:00,ညောင်တုန်းမြို့,ရွက်ပြောက်ညိုရောဂါ
2026-03-30,10:58:00,ရန်ကုန်မြို့,နှံစိမ့်ရောဂါ
2026-03-30,03:13:29,မန္တလေးမြို့,ဂုတ်ကျိုးရောဂါ (သို့) ရွက်ခြောက်ရောဂါ
2026-03-30,08:59:24,ရန်ကုန်မြို့,ဂုတ်ကျိုးရောဂါ (သို့) ရွက်ခြောက်ရောဂါ
2026-03-30,09:04:31,ရန်ကုန်မြို့,ဂုတ်ကျိုးရောဂါ (သို့) ရွက်ခြောက်ရောဂါ
2026-03-30,09:18:59,ရန်ကုန်မြို့,ဂုတ်ကျိုးရောဂါ (သို့) ရွက်ခြောက်ရောဂါ
2026-03-30,09:19:00,ရန်ကုန်မြို့,ဂုတ်ကျိုးရောဂါ (သို့) ရွက်ခြောက်ရောဂါ
2026-03-30,09:19:11,ရန်ကုန်မြို့,ဂုတ်ကျိုးရောဂါ (သို့) ရွက်ခြောက်ရောဂါ
2026-03-30,09:21:11,ရန်ကုန်မြို့,ဂုတ်ကျိုးရောဂါ (သို့) ရွက်ခြောက်ရောဂါ
2026-03-30,10:16:39,ရန်ကုန်မြို့,ဂုတ်ကျိုးရောဂါ (သို့) ရွက်ခြောက်ရောဂါ
2026-03-30,11:44:00,ရန်ကုန်မြို့,ဂုတ်ကျိုးရောဂါ (သို့) ရွက်ခြောက်ရောဂါ
2026-03-30,12:00:11,ရန်ကုန်မြို့,ဘက်တီးရီးယား ရွက်ခြောက်ရောဂါ
2026-03-30,12:02:03,မန္တလေးမြို့,ဘက်တီးရီးယား ရွက်ခြောက်ရောဂါ
2026-03-30,12:20:18,မန္တလေးမြို့,ရွက်ပြောက်ညိုရောဂါ
2026-03-30,12:20:49,မန္တလေးမြို့,ရွက်ပြောက်ညိုရောဂါ
2026-03-30,12:21:17,မန္တလေးမြို့,ဘက်တီးရီးယား ရွက်ခြောက်ရောဂါ
2026-03-30,13:52:47,ရန်ကုန်မြို့,ဘက်တီးရီးယား ရွက်ခြောက်ရောဂါ
2026-03-30,14:40:15,မန္တလေးမြို့,ဘက်တီးရီးယား ရွက်ခြောက်ရောဂါ
2026-03-31,13:19:42,ရန်ကုန်မြို့,ဘက်တီးရီးယား ရွက်ခြောက်ရောဂါ
2026-03-31,13:23:45,ရန်ကုန်မြို့,ဘက်တီးရီးယား ရွက်ခြောက်ရောဂါ
2026-04-08,22:47:24,ရန်ကုန်မြို့,ဘက်တီးရီးယား ရွက်ခြောက်ရောဂါ
2026-04-08,23:05:07,ရန်ကုန်မြို့,ရွက်ပြောက်ညိုရောဂါ
2026-04-08,23:05:46,ရန်ကုန်မြို့,ဘက်တီးရီးယား ရွက်ခြောက်ရောဂါ
